bae9431a481972d952b08f96aa653785aa72b762	100644	.gitignore
2b4d42d8af206f1b293750e65074f265c69c77f8	100644	docs/grammar.ebnf
5e03011759c73de12a7125e14d93484f5ca931e5	100644	docs/LANGUAGE.md
8ce2c934670008b9143632e0fea8e842e312c9be	100644	docs/RUNTIME.md
9da11f52110451c16508244c057a0ec569cb8344	100644	examples/garbage_collection.ores
913becf73d961e0b9403b48d27b3908de537ff2a	100644	examples/showcase.ores
76b2c691e6ceb63c9e5df6e2b3272650cf92ebf1	100644	examples/together.ores
10c82706e9c282055806bd7cacf2443c5e040a91	100644	pom.xml
df07f73cff240dc87cda43d5535648b315a068bf	100644	README.md
68659f0d636af1995de9756ee93faa84e4e383b2	100644	src/main/java/dev/oreslang/ast/Ast.java
1640c99754cc4b34b932b0514f368b8d274e178c	100644	src/main/java/dev/oreslang/compiler/IncrementalCompiler.java
80c76f972d5722474d3c29b64523fac8446129cf	100644	src/main/java/dev/oreslang/compiler/OresCompiler.java
7fb9fdc67b2abe64bf5f98c81431613058554082	100644	src/main/java/dev/oreslang/launcher/OresMain.java
e2999c9b888754529a585e18481a70da8f9d01b6	100644	src/main/java/dev/oreslang/nodes/OresEvalRootNode.java
62ac55ad410d3e07d9494b73b3f658d43de70351	100644	src/main/java/dev/oreslang/nodes/OresInteropRootNode.java
6e08b56aaa187ceb8e1508edefe2293d38e1070a	100644	src/main/java/dev/oreslang/OresLanguage.java
552e0e67adf3bcb23fa550a379832b9a4c5c1cc5	100644	src/main/java/dev/oreslang/parser/Lexer.java
a547fa94cf6d003e6335e0fba26f6a0a99dda505	100644	src/main/java/dev/oreslang/parser/Parser.java
c7a119658ea5a23b8ee6d653b20ddc99ce9e76c7	100644	src/main/java/dev/oreslang/parser/Token.java
c3f0041397a24d36048954fa010c13da0ee95eff	100644	src/main/java/dev/oreslang/runtime/ActorRuntime.java
2377f22960e4704b59c834a5dfca32cb891325f7	100644	src/main/java/dev/oreslang/runtime/CapabilityChecker.java
cfd11c6b104b5ad80fb0ea1353a9dc3561efdb84	100644	src/main/java/dev/oreslang/runtime/ExecutionProfile.java
c3ee912eadd233db68f82c79b595f502c3424422	100644	src/main/java/dev/oreslang/runtime/GcRuntime.java
44a0b75f5c32d7ede87bd6c949e063db20294db5	100644	src/main/java/dev/oreslang/runtime/HotReloadManager.java
87b178bcfb1389851816b3a40ad65517a0d552c7	100644	src/main/java/dev/oreslang/runtime/IsolatePolicy.java
cd5a5d4a841f8c212791e56809594eaec172ffcf	100644	src/main/java/dev/oreslang/runtime/OresContext.java
14a4adf94738ac42311bb1777c576e761804d402	100644	src/main/java/dev/oreslang/runtime/OresNull.java
0b869aabf2eb78e12156fa1f648acdefd1788058	100644	src/main/java/dev/oreslang/runtime/OresValues.java
ccab955c809743afb35cac4d6c5933cb05d6b390	100644	src/main/java/dev/oreslang/runtime/ProcessSingletonRegistry.java
d3f8125c3c77623365121798833a8884ddb5a25b	100644	src/main/java/dev/oreslang/types/OwnershipChecker.java
ea3ec04223bfdd0f4d3032dc754a2f5d7f110b2c	100644	src/main/java/dev/oreslang/types/TraitComposer.java
0a1af5c4f3125a78f65d4c18e9dd6a20a3ea8bc8	100644	src/main/java/dev/oreslang/types/TypeChecker.java
ad4094e4c8311c033bb1efa83ab21acda740ff98	100644	src/main/java/dev/oreslang/types/Types.java
20a591ba34970babf007c781addcb0f4871c675a	100644	src/main/java/module-info.java
1bdcd72c08f66e1e920d88d5928590cc6770aa95	100644	src/main/resources/META-INF/native-image/dev.oreslang/oreslang/native-image.properties
fd5dd96546f3c9967d6e0a47547ef648d3917966	100644	src/test/java/dev/oreslang/ActorRuntimeTest.java
71c88e796e079f2cae99c00d4e583de54aac860e	100644	src/test/java/dev/oreslang/BorrowCheckerHardeningTest.java
69b4a02c182a5a68067508ebfba11df011d859c4	100644	src/test/java/dev/oreslang/GarbageCollectionRuntimeTest.java
52320a8a6f8cc0714a7c74ebd83acc8649da279b	100644	src/test/java/dev/oreslang/IncrementalFunctorStaticTest.java
caf86da2a791baeb85c42742da87a96a67c9c6fe	100644	src/test/java/dev/oreslang/IsolationHotReloadTest.java
fb8292960daa6946d63ce08625dd1fc51ceb7ebc	100644	src/test/java/dev/oreslang/LanguageHardeningTest.java
1ccd30c99086e7343ff69963bbf548029953de38	100644	src/test/java/dev/oreslang/nodes/CopyGraphPolicyTest.java
d2b27804ebd714d4cc32acb5f1ac4c341932f206	100644	src/test/java/dev/oreslang/OptionPatternMatchingTest.java
22f3336ab1033953b763c833e2245153813b9c93	100644	src/test/java/dev/oreslang/OwnershipAndClosureTest.java
3c9ba43f61a1772e4710d35fa4a5943b6fb20b49	100644	src/test/java/dev/oreslang/ParserTest.java
bd2bc6bfe6904738124a054ae12421917677e462	100644	src/test/java/dev/oreslang/PointerlessOwnershipTest.java
65c9cf541291a1899d44299c3d2e991e3cc1e3de	100644	src/test/java/dev/oreslang/PolyglotFeatureTest.java
383074d20eccd901b779e4f2f7130ef3d718df03	100644	src/test/java/dev/oreslang/PolyglotSmokeTest.java
62f4de9398485ea56764ba0e1b28fc55529e4078	100644	src/test/java/dev/oreslang/RoutineAndLoopTest.java
d7093cfb7b76460853589064fbbc66ceab5e5245	100644	src/test/java/dev/oreslang/RuntimeOwnershipSyntaxTest.java
12e5fd4d60816b1e4d446217ba8542276ea22c15	100644	src/test/java/dev/oreslang/RuntimePointerTest.java
1f4ff394b0cdc56c8c0aac5dd6c67fb6cd11800d	100644	src/test/java/dev/oreslang/SingletonModuleTest.java
c21d4d0ec450d5c26f602468f86de9eb0400bdee	100644	src/test/java/dev/oreslang/TraitCompositionTest.java
